index,county1,county2,higher_gamma_mean_county,approx_diff_prob,delta,reduction_factor,RDET_percent
65,4012,4015,4015,0.9317,0.05,0.96,4.0000000000000036
68,4012,6071,6071,0.917,0.05,0.95,5.000000000000004
123,5139,22027,5139,0.9281,0.05,0.97,3.0000000000000027
245,12083,12119,12083,0.9578,0.05,0.91,8.999999999999996
249,12083,12001,12001,0.9571,0.05,0.9,9.999999999999998
250,12083,12075,12075,0.9308,0.05,0.98,2.0000000000000018
260,12119,12017,12017,0.9312,0.05,0.97,3.0000000000000027
263,12119,12053,12053,0.9037,0.05,0.99,1.0000000000000009
264,12119,12101,12101,0.9212,0.05,0.97,3.0000000000000027
270,12125,12007,12125,1.0,0.05,0.44,56.00000000000001
271,12125,12023,12125,1.0,0.05,0.445,55.49999999999999
272,12125,12001,12125,1.0,0.05,0.46499999999999997,53.5
273,12125,12003,12125,1.0,0.05,0.45,55.00000000000001
290,13007,13087,13087,0.9189,0.05,0.97,3.0000000000000027
303,13029,13051,13029,0.9701,0.05,0.9,9.999999999999998
346,13181,45065,13181,0.9221,0.05,0.98,2.0000000000000018
354,13209,13309,13209,0.9673,0.05,0.915,8.499999999999996
357,13213,13123,13213,0.9544,0.05,0.9400000000000001,5.999999999999995
359,13213,47011,13213,0.9151,0.05,0.985,1.5000000000000013
363,13279,13107,13279,0.9101,0.05,0.99,1.0000000000000009
371,13309,13161,13161,0.9974,0.05,0.7599999999999999,24.00000000000001
408,16035,16079,16079,0.9377,0.05,0.96,4.0000000000000036
433,17017,17009,17017,0.9492,0.05,0.9400000000000001,5.999999999999995
534,21013,21131,21131,0.9937,0.05,0.91,8.999999999999996
535,21013,21095,21095,0.9241,0.05,0.98,2.0000000000000018
546,21051,21131,21131,0.9456,0.05,0.97,3.0000000000000027
548,21051,21193,21193,0.9909,0.05,0.895,10.499999999999998
549,21051,21125,21051,0.9188,0.05,0.985,1.5000000000000013
550,21051,21189,21189,0.985,0.05,0.915,8.499999999999996
568,21133,21193,21193,0.9332,0.05,0.975,2.500000000000002
570,21133,51195,21133,0.9232,0.05,0.985,1.5000000000000013
571,21147,21231,21147,0.9984,0.05,0.8400000000000001,15.999999999999993
574,21147,21125,21147,0.9919,0.05,0.89,10.999999999999998
576,21147,21199,21147,0.989,0.05,0.915,8.499999999999996
585,21187,21077,21077,0.9966,0.05,0.86,14.000000000000002
595,21231,47151,47151,0.9835,0.05,0.9,9.999999999999998
600,21237,21025,21025,0.9451,0.05,0.97,3.0000000000000027
602,21237,21165,21237,0.9048,0.05,0.99,1.0000000000000009
604,21237,21175,21237,0.9911,0.05,0.875,12.5
615,22011,22003,22011,0.9207,0.05,0.985,1.5000000000000013
618,22013,22081,22013,0.972,0.05,0.895,10.499999999999998
624,22013,22027,22013,0.9438,0.05,0.9450000000000001,5.499999999999994
644,22037,28005,22037,0.9552,0.05,0.93,6.999999999999995
716,24039,51001,51001,0.9165,0.05,0.985,1.5000000000000013
802,28121,28089,28089,1.0,0.05,0.475,52.5
812,28151,28055,28151,0.9415,0.05,0.96,4.0000000000000036
827,29029,29169,29169,0.9246,0.05,0.96,4.0000000000000036
832,29029,29015,29015,0.9525,0.05,0.9450000000000001,5.499999999999994
849,29123,29157,29123,0.99,0.05,0.86,14.000000000000002
855,29169,29215,29169,0.9221,0.05,0.975,2.500000000000002
1050,37087,47029,47029,0.9,0.05,0.995,0.5000000000000004
1142,39115,39121,39115,0.9767,0.05,0.87,13.0
1148,40043,40153,40043,0.9053,0.05,0.99,1.0000000000000009
1150,40043,40093,40043,0.9608,0.05,0.9,9.999999999999998
1210,41045,32013,32013,0.908,0.05,0.98,2.0000000000000018
1297,45031,45069,45069,0.9581,0.05,0.95,5.000000000000004
1343,47021,47187,47021,0.9221,0.05,0.98,2.0000000000000018
1348,47031,47127,47031,0.972,0.05,0.87,13.0
1357,47035,47129,47129,0.9159,0.05,0.99,1.0000000000000009
1358,47035,47049,47049,0.9975,0.05,0.8250000000000001,17.499999999999993
1392,47151,47001,47151,0.9788,0.05,0.915,8.499999999999996
1393,47151,47129,47151,0.9596,0.05,0.9400000000000001,5.999999999999995
1395,47151,47137,47151,0.9746,0.05,0.91,8.999999999999996
1397,48001,48073,48001,0.9854,0.05,0.89,10.999999999999998
1398,48001,48225,48001,0.9816,0.05,0.905,9.499999999999996
1399,48001,48161,48001,0.94,0.05,0.96,4.0000000000000036
1412,48025,48409,48409,0.9312,0.05,0.955,4.5000000000000036
1413,48025,48391,48391,0.9391,0.05,0.95,5.000000000000004
1430,48083,48095,48083,0.9003,0.05,0.995,0.5000000000000004
1437,48111,35059,48111,0.9483,0.05,0.935,6.499999999999995
1522,48409,48297,48409,0.9575,0.05,0.915,8.499999999999996
1618,51041,51670,51670,0.8989,0.05,0.995,0.5000000000000004
1636,51069,54031,51069,0.9996,0.05,0.5449999999999999,45.50000000000001
1639,51069,54027,51069,0.9663,0.05,0.87,13.0
1700,51171,54031,51171,0.9834,0.05,0.8400000000000001,15.999999999999993
1758,54033,54001,54033,0.9065,0.05,0.985,1.5000000000000013
1842,1073,1127,1127,0.9553,0.05,0.9400000000000001,5.999999999999995
1858,1113,1011,1113,0.9046,0.05,0.995,0.5000000000000004
1867,4001,4009,4009,0.9027,0.05,0.995,0.5000000000000004
1871,4001,4011,4011,0.9679,0.05,0.8350000000000001,16.499999999999993
1881,4015,4005,4015,0.918,0.05,0.97,3.0000000000000027
1898,5041,5107,5107,0.9229,0.05,0.975,2.500000000000002
1942,5095,5077,5095,0.9075,0.05,0.99,1.0000000000000009
1943,5095,5123,5095,0.924,0.05,0.985,1.5000000000000013
2013,18071,18143,18143,0.9407,0.05,0.97,3.0000000000000027
2030,18175,18143,18143,0.9596,0.05,0.955,4.5000000000000036
2061,21025,21119,21025,0.9619,0.05,0.955,4.5000000000000036
2062,21025,21153,21025,0.9682,0.05,0.9400000000000001,5.999999999999995
2066,21029,21093,21093,0.9593,0.05,0.9,9.999999999999998
2083,21059,18173,21059,0.91,0.05,0.985,1.5000000000000013
2087,21065,21197,21197,0.9587,0.05,0.95,5.000000000000004
2088,21065,21049,21065,0.9438,0.05,0.96,4.0000000000000036
2106,21095,51195,21095,0.9795,0.05,0.925,7.499999999999996
2107,21095,51105,21095,0.9369,0.05,0.97,3.0000000000000027
2110,21109,21189,21189,0.9982,0.05,0.855,14.500000000000002
2111,21109,21129,21129,0.9626,0.05,0.9450000000000001,5.499999999999994
2113,21119,21193,21193,0.9734,0.05,0.93,6.999999999999995
2126,21139,17069,17069,0.9026,0.05,0.995,0.5000000000000004
2129,21153,21175,21153,0.983,0.05,0.905,9.499999999999996
2131,21165,21197,21197,0.9994,0.05,0.8300000000000001,16.999999999999993
2140,21195,51027,21195,0.9987,0.05,0.7649999999999999,23.50000000000001
2141,21195,51051,21195,0.9429,0.05,0.95,5.000000000000004
2161,21229,21155,21155,0.9182,0.05,0.985,1.5000000000000013
2168,22035,28055,22035,0.9014,0.05,0.985,1.5000000000000013
2188,22059,22079,22059,0.9137,0.05,0.99,1.0000000000000009
2197,22073,22021,22021,0.9843,0.05,0.875,12.5
2243,24047,51001,51001,0.9603,0.05,0.93,6.999999999999995
2271,20033,40151,20033,0.9283,0.05,0.965,3.500000000000003
2277,20149,20131,20149,0.9178,0.05,0.975,2.500000000000002
2355,12017,12075,12075,0.9225,0.05,0.97,3.0000000000000027
2385,12093,12055,12093,0.9105,0.05,0.985,1.5000000000000013
2386,12093,12043,12093,0.9438,0.05,0.9450000000000001,5.499999999999994
2416,13049,12003,12003,0.912,0.05,0.985,1.5000000000000013
2452,13153,13093,13153,0.9796,0.05,0.81,18.999999999999993
2453,13153,13225,13225,0.9013,0.05,0.995,0.5000000000000004
2505,13245,45037,13245,0.9448,0.05,0.93,6.999999999999995
2514,13261,13093,13261,0.9136,0.05,0.995,0.5000000000000004
2525,13315,13017,13017,0.9338,0.05,0.965,3.500000000000003
2527,13315,13093,13315,0.9044,0.05,0.995,0.5000000000000004
2594,17165,17151,17165,0.9302,0.05,0.975,2.500000000000002
2650,36119,36005,36119,0.9175,0.05,0.97,3.0000000000000027
2669,37039,47139,47139,0.9518,0.05,0.955,4.5000000000000036
2725,37155,45069,45069,0.9913,0.05,0.865,13.5
2734,37165,45069,45069,0.9074,0.05,0.99,1.0000000000000009
2745,38005,38095,38095,0.903,0.05,0.995,0.5000000000000004
2748,38005,38063,38063,0.9498,0.05,0.915,8.499999999999996
2892,28007,28089,28089,1.0,0.05,0.57,43.00000000000001
2905,28049,28089,28089,1.0,0.05,0.435,56.49999999999999
2917,28089,28163,28089,1.0,0.05,0.57,43.00000000000001
2918,28089,28079,28089,0.9993,0.05,0.7499999999999999,25.00000000000001
2919,28089,28123,28089,1.0,0.05,0.645,35.5
2929,28145,28081,28081,0.9985,0.05,0.81,18.999999999999993
2950,29149,29035,29035,0.9849,0.05,0.88,12.0
3057,34003,36005,34003,0.9138,0.05,0.985,1.5000000000000013
3073,35031,35043,35043,0.9629,0.05,0.7899999999999999,21.000000000000007
3140,48301,35015,48301,0.9645,0.05,0.91,8.999999999999996
3141,48301,48389,48301,0.9112,0.05,0.985,1.5000000000000013
3170,51027,54059,54059,0.9748,0.05,0.905,9.499999999999996
3209,51091,54071,51091,0.9427,0.05,0.935,6.499999999999995
3236,51195,51720,51195,0.9389,0.05,0.95,5.000000000000004
3285,54075,54071,54075,0.9781,0.05,0.86,14.000000000000002
3292,54099,21127,21127,0.9472,0.05,0.96,4.0000000000000036
3293,54099,21159,21159,0.9982,0.05,0.8200000000000001,17.999999999999993
3295,54099,54059,54059,0.9199,0.05,0.98,2.0000000000000018
3354,48457,48373,48373,0.9105,0.05,0.985,1.5000000000000013
3365,49037,49019,49019,0.9894,0.05,0.7699999999999999,23.00000000000001
3388,39167,39121,39167,0.9987,0.05,0.64,36.0
3525,45025,45069,45069,0.9812,0.05,0.905,9.499999999999996
3533,45053,13103,13103,0.9824,0.05,0.855,14.500000000000002
3566,46055,46137,46055,0.995,0.05,0.6950000000000001,30.499999999999993
3581,46137,46093,46093,0.9785,0.05,0.8300000000000001,16.999999999999993
3582,46137,46041,46041,0.9494,0.05,0.95,5.000000000000004
3587,47003,47127,47003,0.9424,0.05,0.9400000000000001,5.999999999999995
3671,47189,47169,47169,0.9373,0.05,0.97,3.0000000000000027
3689,48053,48281,48281,0.9606,0.05,0.915,8.499999999999996
3747,21063,21127,21127,0.9161,0.05,0.99,1.0000000000000009
3812,1009,1127,1127,0.9167,0.05,0.975,2.500000000000002
3817,1071,47051,1071,0.9272,0.05,0.975,2.500000000000002
3841,5001,5079,5001,0.9766,0.05,0.885,11.5
3936,12107,12035,12107,0.9237,0.05,0.975,2.500000000000002
3963,13123,13129,13129,0.9333,0.05,0.955,4.5000000000000036
4012,16031,32007,32007,0.9202,0.05,0.975,2.500000000000002
4068,32031,32029,32031,0.9259,0.05,0.925,7.499999999999996
4140,38105,30091,30091,0.9356,0.05,0.955,4.5000000000000036
4202,42067,42099,42099,0.9206,0.05,0.98,2.0000000000000018
4223,45041,45069,45069,0.9906,0.05,0.87,13.0
4305,21115,21175,21115,0.9895,0.05,0.9,9.999999999999998
4306,21125,21235,21235,0.9156,0.05,0.985,1.5000000000000013
4309,21127,21043,21127,0.91,0.05,0.98,2.0000000000000018
4311,21127,21019,21127,0.9882,0.05,0.88,12.0
4323,21197,21049,21197,1.0,0.05,0.7449999999999999,25.50000000000001
4325,21197,21173,21197,1.0,0.05,0.72,28.000000000000004
4332,22025,22021,22021,0.9022,0.05,0.995,0.5000000000000004
4338,22041,22021,22021,0.9977,0.05,0.7499999999999999,25.00000000000001
4358,22115,22003,22115,0.9888,0.05,0.8350000000000001,16.499999999999993
4431,28055,28163,28163,0.924,0.05,0.975,2.500000000000002
4432,28055,28125,28125,0.9637,0.05,0.92,7.9999999999999964
4469,29069,5055,29069,0.9619,0.05,0.93,6.999999999999995
4471,29069,5031,29069,0.9518,0.05,0.935,6.499999999999995
4479,29099,17133,29099,0.8983,0.05,0.995,0.5000000000000004
4490,29157,29187,29187,0.8996,0.05,0.995,0.5000000000000004
4491,29157,17181,17181,0.9317,0.05,0.97,3.0000000000000027
4557,13269,13225,13225,0.9546,0.05,0.9450000000000001,5.499999999999994
4628,47081,47187,47081,0.9659,0.05,0.925,7.499999999999996
4631,47127,47051,47051,0.9301,0.05,0.95,5.000000000000004
4632,47127,47103,47103,0.9729,0.05,0.87,13.0
4650,47165,47169,47169,0.97,0.05,0.935,6.499999999999995
4651,47165,47111,47111,0.9159,0.05,0.99,1.0000000000000009
4658,48005,48373,48373,0.9336,0.05,0.965,3.500000000000003
4660,48007,48355,48007,0.9546,0.05,0.935,6.499999999999995
4723,48333,48281,48281,0.9438,0.05,0.955,4.5000000000000036
4732,48411,48281,48281,0.9785,0.05,0.87,13.0
4755,49003,32007,32007,0.9308,0.05,0.9400000000000001,5.999999999999995
4780,51073,51095,51073,0.9231,0.05,0.98,2.0000000000000018
4810,51149,51670,51670,0.9666,0.05,0.95,5.000000000000004
4836,54005,54039,54005,0.978,0.05,0.925,7.499999999999996
4838,54005,54081,54005,0.9937,0.05,0.85,15.000000000000002
4852,54043,54079,54043,0.9199,0.05,0.98,2.0000000000000018
4858,54071,51015,51015,0.9809,0.05,0.8150000000000001,18.499999999999993
4860,54071,51165,51165,0.9092,0.05,0.975,2.500000000000002
4863,54083,54023,54083,0.9033,0.05,0.99,1.0000000000000009
4865,54083,54101,54101,0.9479,0.05,0.9450000000000001,5.499999999999994
4869,55001,55141,55001,0.9119,0.05,0.975,2.500000000000002
4978,8071,8009,8009,0.9388,0.05,0.935,6.499999999999995
4985,13271,13161,13161,0.9781,0.05,0.88,12.0
5002,28043,28097,28043,0.9297,0.05,0.965,3.500000000000003
5007,28043,28015,28043,0.9425,0.05,0.96,4.0000000000000036
5063,47065,13295,13295,0.9309,0.05,0.97,3.0000000000000027
5064,47065,13083,13083,0.9718,0.05,0.92,7.9999999999999964
5075,48245,48291,48291,0.9493,0.05,0.935,6.499999999999995
5117,46041,46031,46041,0.9183,0.05,0.985,1.5000000000000013
5127,47045,47095,47095,0.9513,0.05,0.955,4.5000000000000036
5259,45069,37153,45069,0.9796,0.05,0.895,10.499999999999998
5260,45069,45033,45069,0.9014,0.05,0.995,0.5000000000000004
5265,47057,47089,47057,0.9363,0.05,0.9450000000000001,5.499999999999994
5354,22083,22021,22021,0.962,0.05,0.935,6.499999999999995
5371,48483,40129,48483,0.9064,0.05,0.995,0.5000000000000004
5391,1029,1111,1029,0.9645,0.05,0.91,8.999999999999996
5414,8025,8061,8061,0.983,0.05,0.7749999999999999,22.500000000000007
5427,8099,8011,8099,0.9608,0.05,0.895,10.499999999999998
5450,13023,13235,13023,0.9477,0.05,0.9450000000000001,5.499999999999994
5476,13111,47139,47139,0.9002,0.05,0.995,0.5000000000000004
5567,18019,18143,18143,0.9568,0.05,0.95,5.000000000000004
5662,19119,46099,46099,0.9035,0.05,0.98,2.0000000000000018
5670,18091,18149,18149,0.9509,0.05,0.9400000000000001,5.999999999999995
5674,18099,18149,18149,0.9702,0.05,0.93,6.999999999999995
5734,20115,20017,20017,0.9588,0.05,0.92,7.9999999999999964
5758,21077,18155,21077,0.9974,0.05,0.855,14.500000000000002
5759,21077,21015,21077,0.9996,0.05,0.8150000000000001,18.499999999999993
5760,21077,21041,21077,0.9979,0.05,0.845,15.500000000000004
5761,21077,21081,21077,0.9911,0.05,0.89,10.999999999999998
5847,29187,29186,29187,0.9857,0.05,0.875,12.5
5914,35059,40025,40025,0.9644,0.05,0.9,9.999999999999998
5936,46027,31027,46027,0.9168,0.05,0.975,2.500000000000002
6126,32019,32029,32019,0.9674,0.05,0.845,15.500000000000004
6204,28025,28155,28155,0.8988,0.05,0.995,0.5000000000000004
6253,28081,28017,28081,0.9434,0.05,0.955,4.5000000000000036
6254,28081,28095,28081,0.97,0.05,0.92,7.9999999999999964
6255,28081,28115,28081,0.9855,0.05,0.875,12.5
6256,28081,28117,28081,0.9693,0.05,0.92,7.9999999999999964
6274,38033,30109,30109,0.913,0.05,0.98,2.0000000000000018
6275,38033,30025,30025,0.904,0.05,0.985,1.5000000000000013
6301,28161,28135,28161,0.9289,0.05,0.97,3.0000000000000027
6337,29009,29119,29119,0.9533,0.05,0.935,6.499999999999995
6351,38087,30025,30025,0.8993,0.05,0.995,0.5000000000000004
6357,38095,38079,38079,0.9941,0.05,0.87,13.0
6406,29093,29065,29093,0.9138,0.05,0.985,1.5000000000000013
6408,29093,29179,29093,0.9112,0.05,0.985,1.5000000000000013
6512,47011,47139,47139,0.9438,0.05,0.955,4.5000000000000036
6519,47051,47115,47115,0.9186,0.05,0.98,2.0000000000000018
6523,51690,51089,51690,0.8984,0.05,0.995,0.5000000000000004
6538,18141,18149,18149,0.9665,0.05,0.9450000000000001,5.499999999999994
6547,47131,47095,47095,0.9334,0.05,0.975,2.500000000000002
6653,19047,19085,19085,0.9565,0.05,0.92,7.9999999999999964
6692,20205,20049,20049,0.9229,0.05,0.97,3.0000000000000027
6795,1125,1127,1127,0.9367,0.05,0.97,3.0000000000000027
6812,8009,8011,8009,0.9148,0.05,0.97,3.0000000000000027
6850,18129,17059,17059,0.9489,0.05,0.95,5.000000000000004
6851,18129,21225,21225,0.953,0.05,0.95,5.000000000000004
6976,13257,45073,13257,0.9283,0.05,0.98,2.0000000000000018
7021,17151,17069,17069,0.9834,0.05,0.9,9.999999999999998
7061,13193,13093,13193,0.9342,0.05,0.96,4.0000000000000036
7062,13193,13225,13225,0.9584,0.05,0.95,5.000000000000004
7093,13199,13231,13231,0.9756,0.05,0.9,9.999999999999998
7178,17055,17145,17055,0.9658,0.05,0.915,8.499999999999996
7198,21045,21001,21045,0.9116,0.05,0.99,1.0000000000000009
7234,21075,21105,21075,0.9843,0.05,0.895,10.499999999999998
7339,13069,13005,13005,0.9669,0.05,0.9400000000000001,5.999999999999995
7340,13069,13161,13161,0.9376,0.05,0.97,3.0000000000000027
7388,38069,38079,38079,0.9997,0.05,0.7549999999999999,24.50000000000001
7392,38079,38009,38079,0.9962,0.05,0.845,15.500000000000004
7397,28079,28099,28079,0.9658,0.05,0.925,7.499999999999996
7418,39031,39075,39031,0.9498,0.05,0.92,7.9999999999999964
7458,28139,28003,28003,0.9075,0.05,0.985,1.5000000000000013
7491,28155,28019,28155,0.9878,0.05,0.8300000000000001,16.999999999999993
7494,29035,29179,29035,0.9605,0.05,0.93,6.999999999999995
7694,51163,51530,51163,0.9745,0.05,0.7649999999999999,23.50000000000001
7754,29223,29179,29223,0.9538,0.05,0.9400000000000001,5.999999999999995
7897,48417,48253,48417,0.9006,0.05,0.99,1.0000000000000009
7940,18079,18143,18143,0.911,0.05,0.99,1.0000000000000009
8001,39083,39075,39083,0.9449,0.05,0.92,7.9999999999999964
8038,39111,39121,39111,0.973,0.05,0.855,14.500000000000002
8056,39121,39059,39059,0.9971,0.05,0.7499999999999999,25.00000000000001
8057,39121,39119,39119,0.999,0.05,0.68,31.999999999999996
8058,39121,39013,39013,0.9605,0.05,0.885,11.5
8119,19165,19085,19085,0.9432,0.05,0.93,6.999999999999995
8120,19165,19155,19155,0.9298,0.05,0.96,4.0000000000000036
8358,5031,5111,5111,0.9648,0.05,0.935,6.499999999999995
8373,13197,13053,13053,0.9946,0.05,0.8,19.999999999999996
8385,13259,13053,13053,0.9739,0.05,0.885,11.5
8392,21073,21211,21073,0.9175,0.05,0.98,2.0000000000000018
8465,30091,38023,30091,0.9812,0.05,0.86,14.000000000000002
8490,31021,31039,31021,0.9466,0.05,0.915,8.499999999999996
8521,21105,29133,29133,0.9361,0.05,0.96,4.0000000000000036
8599,29063,29049,29049,0.954,0.05,0.93,6.999999999999995
8627,18143,18077,18143,0.9626,0.05,0.95,5.000000000000004
